{
  "Author": "ThatOneKid",
  "Compatibility": "Compatible",
  "DefuserDifficulty": "VeryEasy",
  "Description": "Go to the right contest. Tags: YT, Channel, Inanimate-Object-Show",
  "ExpertDifficulty": "Easy",
  "ModuleID": "YTJellify",
  "Name": "JacknJellify",
  "Origin": "Mods",
  "Published": "2022-02-13",
  "SortKey": "JACKNJELLIFY",
  "SourceUrl": "https://github.com/Kbushra/ktaneYTJellify",
  "Souvenir": { "Status": "NotACandidate" },
  "SteamID": "2752754165",
  "Symbol": "Jnj",
  "Type": "Regular"
}